{
	"loop": false,
	"specialCancelable": false,
	"initialPose": {
		"bonePose": {
			"name": "l_hip",
			"length": 0.031443761123232467,
			"angle": 0.0,
			"visible": true
		},
		"bonePose": {
			"name": "r_bicep",
			"length": 0.13466552118488917,
			"angle": 10.0,
			"visible": true
		},
		"bonePose": {
			"name": "l_bicep",
			"length": 0.08917361424522073,
			"angle": 70.0,
			"visible": true
		},
		"bonePose": {
			"name": "neck",
			"length": 0.041110859371310905,
			"angle": 95.0,
			"visible": true
		},
		"bonePose": {
			"name": "l_shoulder",
			"length": 0.03677067046707418,
			"angle": 340.0,
			"visible": true
		},
		"bonePose": {
			"name": "l_tricep",
			"length": 0.10661116756332703,
			"angle": 306.19320730556467,
			"visible": true
		},
		"bonePose": {
			"name": "r_tricep",
			"length": 0.11422606223481685,
			"angle": 255.0,
			"visible": true
		},
		"bonePose": {
			"name": "head",
			"length": 0.12418610094938272,
			"angle": 65.0,
			"visible": true
		},
		"bonePose": {
			"name": "r_hip",
			"length": 0.01,
			"angle": 131.02750405924934,
			"visible": true
		},
		"bonePose": {
			"name": "l_thigh",
			"length": 0.11804616572236601,
			"angle": 40.10090754621224,
			"visible": true
		},
		"bonePose": {
			"name": "r_calf",
			"length": 0.029645462288330142,
			"angle": 150.25511870305778,
			"visible": true
		},
		"bonePose": {
			"name": "back_l",
			"length": 0.07982285010317432,
			"angle": 108.43494882292201,
			"visible": true
		},
		"bonePose": {
			"name": "back_m",
			"length": 0.06221201906695551,
			"angle": 90.0,
			"visible": true
		},
		"bonePose": {
			"name": "root",
			"length": 0.06976744186046512,
			"angle": 90.0,
			"visible": false
		},
		"bonePose": {
			"name": "r_shoulder",
			"length": 0.04427775061548784,
			"angle": 200.0,
			"visible": true
		},
		"bonePose": {
			"name": "back_u",
			"length": 0.06786405540656251,
			"angle": 74.05460409907715,
			"visible": true
		},
		"bonePose": {
			"name": "l_calf",
			"length": 0.15018129480336614,
			"angle": 265.0,
			"visible": true
		},
		"bonePose": {
			"name": "r_thigh",
			"length": 0.10946610688234147,
			"angle": 233.4089117326007,
			"visible": true
		},
	},
	"steps": {
		"keyframe": {
			"bone": "root",
			"frame": 12,
			"type": ROTATE,
			"interpolation": LINEAR,
			"data": 26.99583839408662
		},
		"keyframe": {
			"bone": "r_thigh",
			"frame": 12,
			"type": ROTATE,
			"interpolation": LINEAR,
			"data": 212.27564431457762
		},
		"keyframe": {
			"bone": "r_thigh",
			"frame": 12,
			"type": LENGTH,
			"interpolation": LINEAR,
			"data": 0.12214924646781693
		},
		"keyframe": {
			"bone": "r_calf",
			"frame": 12,
			"type": ROTATE,
			"interpolation": LINEAR,
			"data": 152.52556837372288
		},
		"keyframe": {
			"bone": "r_calf",
			"frame": 12,
			"type": LENGTH,
			"interpolation": LINEAR,
			"data": 0.05138857421413863
		},
		"keyframe": {
			"bone": "l_thigh",
			"frame": 12,
			"type": ROTATE,
			"interpolation": LINEAR,
			"data": 354.4278021960362
		},
		"keyframe": {
			"bone": "l_thigh",
			"frame": 12,
			"type": LENGTH,
			"interpolation": LINEAR,
			"data": 0.11804616572236601
		},
		"keyframe": {
			"bone": "l_calf",
			"frame": 12,
			"type": ROTATE,
			"interpolation": LINEAR,
			"data": 352.40535663140855
		},
		"keyframe": {
			"bone": "l_calf",
			"frame": 12,
			"type": LENGTH,
			"interpolation": LINEAR,
			"data": 0.15018129480336614
		},
		"keyframe": {
			"bone": "back_u",
			"frame": 12,
			"type": ROTATE,
			"interpolation": LINEAR,
			"data": 52.35237935989236
		},
		"keyframe": {
			"bone": "l_tricep",
			"frame": 6,
			"type": ROTATE,
			"interpolation": LINEAR,
			"data": 272.7524854002687
		},
		"keyframe": {
			"bone": "l_bicep",
			"frame": 6,
			"type": ROTATE,
			"interpolation": LINEAR,
			"data": 292.91282839677166
		},
		"keyframe": {
			"bone": "l_shoulder",
			"frame": 6,
			"type": ROTATE,
			"interpolation": LINEAR,
			"data": 310.19204603696954
		},
		"keyframe": {
			"bone": "l_tricep",
			"frame": 6,
			"type": LENGTH,
			"interpolation": LINEAR,
			"data": 0.11542427452230081
		},
		"keyframe": {
			"bone": "l_bicep",
			"frame": 6,
			"type": LENGTH,
			"interpolation": LINEAR,
			"data": 0.11410115165775858
		},
		"keyframe": {
			"bone": "l_bicep",
			"frame": 12,
			"type": ROTATE,
			"interpolation": LINEAR,
			"data": 271.6846843178963
		},
		"keyframe": {
			"bone": "l_bicep",
			"frame": 12,
			"type": LENGTH,
			"interpolation": LINEAR,
			"data": 0.08781283411042566
		},
		"keyframe": {
			"bone": "r_shoulder",
			"frame": 6,
			"type": ROTATE,
			"interpolation": LINEAR,
			"data": 224.10482628978895
		},
		"keyframe": {
			"bone": "r_tricep",
			"frame": 6,
			"type": ROTATE,
			"interpolation": LINEAR,
			"data": 280.12467165539783
		},
		"keyframe": {
			"bone": "r_tricep",
			"frame": 6,
			"type": LENGTH,
			"interpolation": LINEAR,
			"data": 0.12592822275554838
		},
		"keyframe": {
			"bone": "r_bicep",
			"frame": 6,
			"type": ROTATE,
			"interpolation": LINEAR,
			"data": 295.2276494674286
		},
		"keyframe": {
			"bone": "r_bicep",
			"frame": 6,
			"type": LENGTH,
			"interpolation": LINEAR,
			"data": 0.13466552118488917
		},
		"keyframe": {
			"bone": "r_bicep",
			"frame": 12,
			"type": ROTATE,
			"interpolation": LINEAR,
			"data": 295.2276494674286
		},
		"keyframe": {
			"bone": "r_tricep",
			"frame": 12,
			"type": ROTATE,
			"interpolation": LINEAR,
			"data": 265.7321066997092
		},
		"keyframe": {
			"bone": "r_tricep",
			"frame": 12,
			"type": LENGTH,
			"interpolation": LINEAR,
			"data": 0.10687093873439492
		},
		"keyframe": {
			"bone": "r_bicep",
			"frame": 12,
			"type": LENGTH,
			"interpolation": LINEAR,
			"data": 0.10481253707744154
		},
		"keyframe": {
			"bone": "root",
			"frame": 12,
			"type": LENGTH,
			"interpolation": LINEAR,
			"data": 0.08451819294776894
		},
		"keyframe": {
			"bone": "back_l",
			"frame": 12,
			"type": ROTATE,
			"interpolation": LINEAR,
			"data": 80.7273982227997
		},
		"keyframe": {
			"bone": "l_hip",
			"frame": 12,
			"type": LENGTH,
			"interpolation": LINEAR,
			"data": 0.07776502383369438
		},
		"keyframe": {
			"bone": "l_hip",
			"frame": 24,
			"type": ROTATE,
			"interpolation": LINEAR,
			"data": 0.0
		},
		"keyframe": {
			"bone": "l_hip",
			"frame": 24,
			"type": LENGTH,
			"interpolation": LINEAR,
			"data": 0.031443761123232467
		},
		"keyframe": {
			"bone": "r_bicep",
			"frame": 24,
			"type": ROTATE,
			"interpolation": LINEAR,
			"data": 10.0
		},
		"keyframe": {
			"bone": "r_bicep",
			"frame": 24,
			"type": LENGTH,
			"interpolation": LINEAR,
			"data": 0.13466552118488917
		},
		"keyframe": {
			"bone": "l_bicep",
			"frame": 24,
			"type": ROTATE,
			"interpolation": LINEAR,
			"data": 70.0
		},
		"keyframe": {
			"bone": "l_bicep",
			"frame": 24,
			"type": LENGTH,
			"interpolation": LINEAR,
			"data": 0.08917361424522073
		},
		"keyframe": {
			"bone": "neck",
			"frame": 24,
			"type": ROTATE,
			"interpolation": LINEAR,
			"data": 95.0
		},
		"keyframe": {
			"bone": "neck",
			"frame": 24,
			"type": LENGTH,
			"interpolation": LINEAR,
			"data": 0.041110859371310905
		},
		"keyframe": {
			"bone": "l_shoulder",
			"frame": 24,
			"type": ROTATE,
			"interpolation": LINEAR,
			"data": 340.0
		},
		"keyframe": {
			"bone": "l_shoulder",
			"frame": 24,
			"type": LENGTH,
			"interpolation": LINEAR,
			"data": 0.03677067046707418
		},
		"keyframe": {
			"bone": "l_tricep",
			"frame": 24,
			"type": ROTATE,
			"interpolation": LINEAR,
			"data": 306.19320730556467
		},
		"keyframe": {
			"bone": "l_tricep",
			"frame": 24,
			"type": LENGTH,
			"interpolation": LINEAR,
			"data": 0.10661116756332703
		},
		"keyframe": {
			"bone": "r_tricep",
			"frame": 24,
			"type": ROTATE,
			"interpolation": LINEAR,
			"data": 255.0
		},
		"keyframe": {
			"bone": "r_tricep",
			"frame": 24,
			"type": LENGTH,
			"interpolation": LINEAR,
			"data": 0.11422606223481685
		},