{
	"loop": false,
	"specialCancelable": false,
	"initialPose": {
		"bonePose": {
			"name": "l_upper_arm",
			"length": 0.12081830674324856,
			"angle": 302.4711922908485,
			"visible": true
		},
		"bonePose": {
			"name": "l_lower_leg",
			"length": 0.13611816022765766,
			"angle": 265.4860115419987,
			"visible": true
		},
		"bonePose": {
			"name": "l_upper_leg",
			"length": 0.11436584616227231,
			"angle": 22.520565602896884,
			"visible": true
		},
		"bonePose": {
			"name": "upper_body",
			"length": 0.11809614320692902,
			"angle": 78.17851165939275,
			"visible": true
		},
		"bonePose": {
			"name": "l_lower_arm",
			"length": 0.08436749906707106,
			"angle": 57.528807709151515,
			"visible": true
		},
		"bonePose": {
			"name": "root",
			"length": 0.09036417373103016,
			"angle": 90.0,
			"visible": false
		},
		"bonePose": {
			"name": "lower_body",
			"length": 0.07650671758471886,
			"angle": 93.0940580589171,
			"visible": true
		},
		"bonePose": {
			"name": "r_upper_arm",
			"length": 0.11901044957622932,
			"angle": 266.51067509420363,
			"visible": true
		},
		"bonePose": {
			"name": "r_upper_leg",
			"length": 0.08402419144133218,
			"angle": 263.6598082540901,
			"visible": true
		},
		"bonePose": {
			"name": "r_lower_arm",
			"length": 0.09194963105638211,
			"angle": 62.52556837372287,
			"visible": true
		},
		"bonePose": {
			"name": "r_lower_leg",
			"length": 0.1051484258903653,
			"angle": 184.7636416907262,
			"visible": true
		},
	},
	"steps": {
	},
	"ecbs": {
	},
	"hurtboxes": {
	},
	"hitboxes": {
	},
}
