{
	"loop": false,
	"specialCancelable": false,
	"initialPose": {
		"bonePose": {
			"name": "l_hip",
			"length": 0.031443761123232467,
			"angle": 0.0,
			"visible": true
		},
		"bonePose": {
			"name": "r_bicep",
			"length": 0.13466552118488917,
			"angle": 10.0,
			"visible": true
		},
		"bonePose": {
			"name": "l_bicep",
			"length": 0.08917361424522073,
			"angle": 70.0,
			"visible": true
		},
		"bonePose": {
			"name": "neck",
			"length": 0.041110859371310905,
			"angle": 95.0,
			"visible": true
		},
		"bonePose": {
			"name": "l_shoulder",
			"length": 0.03677067046707418,
			"angle": 340.0,
			"visible": true
		},
		"bonePose": {
			"name": "l_tricep",
			"length": 0.10661116756332703,
			"angle": 306.19320730556467,
			"visible": true
		},
		"bonePose": {
			"name": "r_tricep",
			"length": 0.11422606223481685,
			"angle": 255.0,
			"visible": true
		},
		"bonePose": {
			"name": "head",
			"length": 0.12418610094938272,
			"angle": 65.0,
			"visible": true
		},
		"bonePose": {
			"name": "r_hip",
			"length": 0.01,
			"angle": 131.02750405924934,
			"visible": true
		},
		"bonePose": {
			"name": "l_thigh",
			"length": 0.11804616572236601,
			"angle": 40.10090754621224,
			"visible": true
		},
		"bonePose": {
			"name": "r_calf",
			"length": 0.029645462288330142,
			"angle": 150.25511870305778,
			"visible": true
		},
		"bonePose": {
			"name": "back_l",
			"length": 0.07982285010317432,
			"angle": 108.43494882292201,
			"visible": true
		},
		"bonePose": {
			"name": "back_m",
			"length": 0.06221201906695551,
			"angle": 90.0,
			"visible": true
		},
		"bonePose": {
			"name": "root",
			"length": 0.06976744186046512,
			"angle": 90.0,
			"visible": false
		},
		"bonePose": {
			"name": "r_shoulder",
			"length": 0.04427775061548784,
			"angle": 200.0,
			"visible": true
		},
		"bonePose": {
			"name": "back_u",
			"length": 0.06786405540656251,
			"angle": 74.05460409907715,
			"visible": true
		},
		"bonePose": {
			"name": "l_calf",
			"length": 0.15018129480336614,
			"angle": 265.0,
			"visible": true
		},
		"bonePose": {
			"name": "r_thigh",
			"length": 0.10946610688234147,
			"angle": 233.4089117326007,
			"visible": true
		},
	},
	"steps": {
		"keyframe": {
			"bone": "back_m",
			"frame": 5,
			"type": ROTATE,
			"interpolation": LINEAR,
			"data": 97.76516601842533
		},
		"keyframe": {
			"bone": "back_u",
			"frame": 5,
			"type": ROTATE,
			"interpolation": LINEAR,
			"data": 93.99091309842977
		},
		"keyframe": {
			"bone": "neck",
			"frame": 5,
			"type": ROTATE,
			"interpolation": LINEAR,
			"data": 110.55604521958347
		},
		"keyframe": {
			"bone": "neck",
			"frame": 5,
			"type": LENGTH,
			"interpolation": LINEAR,
			"data": 0.050013518994433875
		},
		"keyframe": {
			"bone": "l_tricep",
			"frame": 5,
			"type": ROTATE,
			"interpolation": LINEAR,
			"data": 33.690067525979785
		},
		"keyframe": {
			"bone": "l_bicep",
			"frame": 5,
			"type": ROTATE,
			"interpolation": LINEAR,
			"data": 69.77514056883193
		},
		"keyframe": {
			"bone": "l_tricep",
			"frame": 5,
			"type": LENGTH,
			"interpolation": LINEAR,
			"data": 0.07724029218364199
		},
		"keyframe": {
			"bone": "l_bicep",
			"frame": 5,
			"type": LENGTH,
			"interpolation": LINEAR,
			"data": 0.08917361424522073
		},
		"keyframe": {
			"bone": "r_shoulder",
			"frame": 5,
			"type": LENGTH,
			"interpolation": LINEAR,
			"data": 0.01644434374852436
		},
		"keyframe": {
			"bone": "r_tricep",
			"frame": 5,
			"type": ROTATE,
			"interpolation": LINEAR,
			"data": 12.339087278326195
		},
		"keyframe": {
			"bone": "r_tricep",
			"frame": 5,
			"type": LENGTH,
			"interpolation": LINEAR,
			"data": 0.13283325184646352
		},
		"keyframe": {
			"bone": "r_bicep",
			"frame": 5,
			"type": ROTATE,
			"interpolation": LINEAR,
			"data": 90.0
		},
		"keyframe": {
			"bone": "r_bicep",
			"frame": 5,
			"type": LENGTH,
			"interpolation": LINEAR,
			"data": 0.10485284184227577
		},
		"keyframe": {
			"bone": "l_hip",
			"frame": 10,
			"type": ROTATE,
			"interpolation": LINEAR,
			"data": 0.0
		},
		"keyframe": {
			"bone": "l_hip",
			"frame": 10,
			"type": LENGTH,
			"interpolation": LINEAR,
			"data": 0.031443761123232467
		},
		"keyframe": {
			"bone": "r_bicep",
			"frame": 10,
			"type": ROTATE,
			"interpolation": LINEAR,
			"data": 10.0
		},
		"keyframe": {
			"bone": "r_bicep",
			"frame": 10,
			"type": LENGTH,
			"interpolation": LINEAR,
			"data": 0.13466552118488917
		},
		"keyframe": {
			"bone": "l_bicep",
			"frame": 10,
			"type": ROTATE,
			"interpolation": LINEAR,
			"data": 70.0
		},
		"keyframe": {
			"bone": "l_bicep",
			"frame": 10,
			"type": LENGTH,
			"interpolation": LINEAR,
			"data": 0.08917361424522073
		},
		"keyframe": {
			"bone": "neck",
			"frame": 10,
			"type": ROTATE,
			"interpolation": LINEAR,
			"data": 95.0
		},
		"keyframe": {
			"bone": "neck",
			"frame": 10,
			"type": LENGTH,
			"interpolation": LINEAR,
			"data": 0.041110859371310905
		},
		"keyframe": {
			"bone": "l_shoulder",
			"frame": 10,
			"type": ROTATE,
			"interpolation": LINEAR,
			"data": 340.0
		},
		"keyframe": {
			"bone": "l_shoulder",
			"frame": 10,
			"type": LENGTH,
			"interpolation": LINEAR,
			"data": 0.03677067046707418
		},
		"keyframe": {
			"bone": "l_tricep",
			"frame": 10,
			"type": ROTATE,
			"interpolation": LINEAR,
			"data": 306.19320730556467
		},
		"keyframe": {
			"bone": "l_tricep",
			"frame": 10,
			"type": LENGTH,
			"interpolation": LINEAR,
			"data": 0.10661116756332703
		},
		"keyframe": {
			"bone": "r_tricep",
			"frame": 10,
			"type": ROTATE,
			"interpolation": LINEAR,
			"data": 255.0
		},
		"keyframe": {
			"bone": "r_tricep",
			"frame": 10,
			"type": LENGTH,
			"interpolation": LINEAR,
			"data": 0.11422606223481685
		},
		"keyframe": {
			"bone": "head",
			"frame": 10,
			"type": ROTATE,
			"interpolation": LINEAR,
			"data": 65.0
		},
		"keyframe": {
			"bone": "head",
			"frame": 10,
			"type": LENGTH,
			"interpolation": LINEAR,
			"data": 0.12418610094938272
		},
		"keyframe": {
			"bone": "r_hip",
			"frame": 10,
			"type": ROTATE,
			"interpolation": LINEAR,
			"data": 131.02750405924934
		},
		"keyframe": {
			"bone": "r_hip",
			"frame": 10,
			"type": LENGTH,
			"interpolation": LINEAR,
			"data": 0.01
		},
		"keyframe": {
			"bone": "l_thigh",
			"frame": 10,
			"type": ROTATE,
			"interpolation": LINEAR,
			"data": 40.10090754621224
		},
		"keyframe": {
			"bone": "l_thigh",
			"frame": 10,
			"type": LENGTH,
			"interpolation": LINEAR,
			"data": 0.11804616572236601
		},
		"keyframe": {
			"bone": "r_calf",
			"frame": 10,
			"type": ROTATE,
			"interpolation": LINEAR,
			"data": 150.25511870305778
		},
		"keyframe": {
			"bone": "r_calf",
			"frame": 10,
			"type": LENGTH,
			"interpolation": LINEAR,
			"data": 0.029645462288330142
		},
		"keyframe": {
			"bone": "back_l",
			"frame": 10,
			"type": ROTATE,
			"interpolation": LINEAR,
			"data": 108.43494882292201
		},
		"keyframe": {
			"bone": "back_l",
			"frame": 10,
			"type": LENGTH,
			"interpolation": LINEAR,
			"data": 0.07982285010317432
		},
		"keyframe": {
			"bone": "back_m",
			"frame": 10,
			"type": ROTATE,
			"interpolation": LINEAR,
			"data": 90.0
		},
		"keyframe": {
			"bone": "back_m",
			"frame": 10,
			"type": LENGTH,
			"interpolation": LINEAR,
			"data": 0.06221201906695551
		},
		"keyframe": {
			"bone": "root",
			"frame": 10,
			"type": ROTATE,
			"interpolation": LINEAR,
			"data": 90.0
		},
		"keyframe": {
			"bone": "root",
			"frame": 10,
			"type": LENGTH,
			"interpolation": LINEAR,
			"data": 0.06976744186046512
		},
		"keyframe": {
			"bone": "r_shoulder",
			"frame": 10,
			"type": ROTATE,
			"interpolation": LINEAR,
			"data": 200.0
		},
		"keyframe": {
			"bone": "r_shoulder",
			"frame": 10,
			"type": LENGTH,
			"interpolation": LINEAR,
			"data": 0.04427775061548784
		},
		"keyframe": {
			"bone": "back_u",
			"frame": 10,
			"type": ROTATE,
			"interpolation": LINEAR,