{
	"loop": false,
	"specialCancelable": true,
	"initialPose": {
		"bonePose": {
			"name": "l_hip",
			"length": 0.031443761123232467,
			"angle": 0.0,
			"visible": true
		},
		"bonePose": {
			"name": "r_bicep",
			"length": 0.13466552118488917,
			"angle": 10.0,
			"visible": true
		},
		"bonePose": {
			"name": "l_bicep",
			"length": 0.08917361424522073,
			"angle": 70.0,
			"visible": true
		},
		"bonePose": {
			"name": "neck",
			"length": 0.041110859371310905,
			"angle": 95.0,
			"visible": true
		},
		"bonePose": {
			"name": "l_shoulder",
			"length": 0.03677067046707418,
			"angle": 340.0,
			"visible": true
		},
		"bonePose": {
			"name": "l_tricep",
			"length": 0.10661116756332703,
			"angle": 306.19320730556467,
			"visible": true
		},
		"bonePose": {
			"name": "r_tricep",
			"length": 0.11422606223481685,
			"angle": 255.0,
			"visible": true
		},
		"bonePose": {
			"name": "head",
			"length": 0.12418610094938272,
			"angle": 65.0,
			"visible": true
		},
		"bonePose": {
			"name": "r_hip",
			"length": 0.01,
			"angle": 131.02750405924934,
			"visible": true
		},
		"bonePose": {
			"name": "l_thigh",
			"length": 0.11804616572236601,
			"angle": 40.10090754621224,
			"visible": true
		},
		"bonePose": {
			"name": "r_calf",
			"length": 0.029645462288330142,
			"angle": 150.25511870305778,
			"visible": true
		},
		"bonePose": {
			"name": "back_l",
			"length": 0.07982285010317432,
			"angle": 108.43494882292201,
			"visible": true
		},
		"bonePose": {
			"name": "back_m",
			"length": 0.06221201906695551,
			"angle": 90.0,
			"visible": true
		},
		"bonePose": {
			"name": "root",
			"length": 0.06976744186046512,
			"angle": 90.0,
			"visible": false
		},
		"bonePose": {
			"name": "r_shoulder",
			"length": 0.04427775061548784,
			"angle": 200.0,
			"visible": true
		},
		"bonePose": {
			"name": "back_u",
			"length": 0.06786405540656251,
			"angle": 74.05460409907715,
			"visible": true
		},
		"bonePose": {
			"name": "l_calf",
			"length": 0.15018129480336614,
			"angle": 265.0,
			"visible": true
		},
		"bonePose": {
			"name": "r_thigh",
			"length": 0.10946610688234147,
			"angle": 233.4089117326007,
			"visible": true
		},
	},
	"steps": {
		"keyframe": {
			"bone": "l_thigh",
			"frame": 4,
			"type": ROTATE,
			"interpolation": LINEAR,
			"data": 8.426969021480673
		},
		"keyframe": {
			"bone": "l_thigh",
			"frame": 4,
			"type": LENGTH,
			"interpolation": LINEAR,
			"data": 0.11804616572236601
		},
		"keyframe": {
			"bone": "l_calf",
			"frame": 4,
			"type": ROTATE,
			"interpolation": LINEAR,
			"data": 322.1250163489018
		},
		"keyframe": {
			"bone": "l_calf",
			"frame": 4,
			"type": LENGTH,
			"interpolation": LINEAR,
			"data": 0.14676634373679462
		},
		"keyframe": {
			"bone": "l_hip",
			"frame": 8,
			"type": ROTATE,
			"interpolation": LINEAR,
			"data": 0.0
		},
		"keyframe": {
			"bone": "l_hip",
			"frame": 8,
			"type": LENGTH,
			"interpolation": LINEAR,
			"data": 0.031443761123232467
		},
		"keyframe": {
			"bone": "r_bicep",
			"frame": 8,
			"type": ROTATE,
			"interpolation": LINEAR,
			"data": 10.0
		},
		"keyframe": {
			"bone": "r_bicep",
			"frame": 8,
			"type": LENGTH,
			"interpolation": LINEAR,
			"data": 0.13466552118488917
		},
		"keyframe": {
			"bone": "l_bicep",
			"frame": 8,
			"type": ROTATE,
			"interpolation": LINEAR,
			"data": 70.0
		},
		"keyframe": {
			"bone": "l_bicep",
			"frame": 8,
			"type": LENGTH,
			"interpolation": LINEAR,
			"data": 0.08917361424522073
		},
		"keyframe": {
			"bone": "neck",
			"frame": 8,
			"type": ROTATE,
			"interpolation": LINEAR,
			"data": 95.0
		},
		"keyframe": {
			"bone": "neck",
			"frame": 8,
			"type": LENGTH,
			"interpolation": LINEAR,
			"data": 0.041110859371310905
		},
		"keyframe": {
			"bone": "l_shoulder",
			"frame": 8,
			"type": ROTATE,
			"interpolation": LINEAR,
			"data": 340.0
		},
		"keyframe": {
			"bone": "l_shoulder",
			"frame": 8,
			"type": LENGTH,
			"interpolation": LINEAR,
			"data": 0.03677067046707418
		},
		"keyframe": {
			"bone": "l_tricep",
			"frame": 8,
			"type": ROTATE,
			"interpolation": LINEAR,
			"data": 306.19320730556467
		},
		"keyframe": {
			"bone": "l_tricep",
			"frame": 8,
			"type": LENGTH,
			"interpolation": LINEAR,
			"data": 0.10661116756332703
		},
		"keyframe": {
			"bone": "r_tricep",
			"frame": 8,
			"type": ROTATE,
			"interpolation": LINEAR,
			"data": 255.0
		},
		"keyframe": {
			"bone": "r_tricep",
			"frame": 8,
			"type": LENGTH,
			"interpolation": LINEAR,
			"data": 0.11422606223481685
		},
		"keyframe": {
			"bone": "head",
			"frame": 8,
			"type": ROTATE,
			"interpolation": LINEAR,
			"data": 65.0
		},
		"keyframe": {
			"bone": "head",
			"frame": 8,
			"type": LENGTH,
			"interpolation": LINEAR,
			"data": 0.12418610094938272
		},
		"keyframe": {
			"bone": "r_hip",
			"frame": 8,
			"type": ROTATE,
			"interpolation": LINEAR,
			"data": 131.02750405924934
		},
		"keyframe": {
			"bone": "r_hip",
			"frame": 8,
			"type": LENGTH,
			"interpolation": LINEAR,
			"data": 0.01
		},
		"keyframe": {
			"bone": "l_thigh",
			"frame": 8,
			"type": ROTATE,
			"interpolation": LINEAR,
			"data": 40.10090754621224
		},
		"keyframe": {
			"bone": "l_thigh",
			"frame": 8,
			"type": LENGTH,
			"interpolation": LINEAR,
			"data": 0.11804616572236601
		},
		"keyframe": {
			"bone": "r_calf",
			"frame": 8,
			"type": ROTATE,
			"interpolation": LINEAR,
			"data": 150.25511870305778
		},
		"keyframe": {
			"bone": "r_calf",
			"frame": 8,
			"type": LENGTH,
			"interpolation": LINEAR,
			"data": 0.029645462288330142
		},
		"keyframe": {
			"bone": "back_l",
			"frame": 8,
			"type": ROTATE,
			"interpolation": LINEAR,
			"data": 108.43494882292201
		},
		"keyframe": {
			"bone": "back_l",
			"frame": 8,
			"type": LENGTH,
			"interpolation": LINEAR,
			"data": 0.07982285010317432
		},
		"keyframe": {
			"bone": "back_m",
			"frame": 8,
			"type": ROTATE,
			"interpolation": LINEAR,
			"data": 90.0
		},
		"keyframe": {
			"bone": "back_m",
			"frame": 8,
			"type": LENGTH,
			"interpolation": LINEAR,
			"data": 0.06221201906695551
		},
		"keyframe": {
			"bone": "root",
			"frame": 8,
			"type": ROTATE,
			"interpolation": LINEAR,
			"data": 90.0
		},
		"keyframe": {
			"bone": "root",
			"frame": 8,
			"type": LENGTH,
			"interpolation": LINEAR,
			"data": 0.06976744186046512
		},
		"keyframe": {
			"bone": "r_shoulder",
			"frame": 8,
			"type": ROTATE,
			"interpolation": LINEAR,
			"data": 200.0
		},
		"keyframe": {
			"bone": "r_shoulder",
			"frame": 8,
			"type": LENGTH,
			"interpolation": LINEAR,
			"data": 0.04427775061548784
		},
		"keyframe": {
			"bone": "back_u",
			"frame": 8,
			"type": ROTATE,
			"interpolation": LINEAR,
			"data": 74.05460409907715
		},
		"keyframe": {
			"bone": "back_u",
			"frame": 8,
			"type": LENGTH,
			"interpolation": LINEAR,
			"data": 0.06786405540656251
		},
		"keyframe": {
			"bone": "l_calf",
			"frame": 8,
			"type": ROTATE,
			"interpolation": LINEAR,
			"data": 265.0
		},
		"keyframe": {
			"bone": "l_calf",
			"frame": 8,
			"type": LENGTH,
			"interpolation": LINEAR,
			"data": 0.15018129480336614
		},
		"keyframe": {
			"bone": "r_thigh",
			"frame": 8,
			"type": ROTATE,
			"interpolation": LINEAR,
			"data": 233.4089117326007
		},
		"keyframe": {
			"bone": "r_thigh",
			"frame": 8,
			"type": LENGTH,
			"interpolation": LINEAR,
			"data": 0.10946610688234147
		},
		"keyframe": {
			"bone": "l_calf",
			"frame": 2,
			"type": LENGTH,
			"interpolation": LINEAR,
			"data": 0.1361632375422136
		},
		"keyframe": {
			"bone": "l_calf",
			"frame": 6,
			"type": LENGTH,
			"interpolation": LINEAR,
			"data": 0.1361632375422136
		},
		"keyframe": {
			"bone": "back_u",
			"frame": 4,
			"type": ROTATE,
			"interpolation": LINEAR,
			"data": 87.47388308838046
		},
	},
	"ecbs": {
		"ecb": {
			"startFrame": 0,
			"endFrame": 1000,
			"collision": {
				"box": {
					"top_l x": -0.148,
					"top_l y": 0.482,